id,thumb,full,filename,plant,class
1,images/thumbs/00001__c0f88ca7-95b4-453f-be96-b6b02cfe8449___UF.GRC_BS_Lab Leaf 0959.JPG,images/full/00001__c0f88ca7-95b4-453f-be96-b6b02cfe8449___UF.GRC_BS_Lab Leaf 0959.JPG,c0f88ca7-95b4-453f-be96-b6b02cfe8449___UF.GRC_BS_Lab Leaf 0959.JPG,Tomato_Bacterial_spot,Bacterial spot
2,images/thumbs/00002__42aa518f-8005-40bc-9728-a990743c2d5e___GCREC_Bact.Sp 3151.JPG,images/full/00002__42aa518f-8005-40bc-9728-a990743c2d5e___GCREC_Bact.Sp 3151.JPG,42aa518f-8005-40bc-9728-a990743c2d5e___GCREC_Bact.Sp 3151.JPG,Tomato_Bacterial_spot,Bacterial spot
3,images/thumbs/00003__608ca2c7-8302-4863-a04b-6919da642ae9___GCREC_Bact.Sp 3070.JPG,images/full/00003__608ca2c7-8302-4863-a04b-6919da642ae9___GCREC_Bact.Sp 3070.JPG,608ca2c7-8302-4863-a04b-6919da642ae9___GCREC_Bact.Sp 3070.JPG,Tomato_Bacterial_spot,Bacterial spot
4,images/thumbs/00004__149fd0ef-ec5a-4a34-aa8f-8ed381b7d77d___GCREC_Bact.Sp 3370.JPG,images/full/00004__149fd0ef-ec5a-4a34-aa8f-8ed381b7d77d___GCREC_Bact.Sp 3370.JPG,149fd0ef-ec5a-4a34-aa8f-8ed381b7d77d___GCREC_Bact.Sp 3370.JPG,Tomato_Bacterial_spot,Bacterial spot
5,images/thumbs/00005__ff33b13d-9611-4c3e-bec9-a628055932b9___GCREC_Bact.Sp 3309.JPG,images/full/00005__ff33b13d-9611-4c3e-bec9-a628055932b9___GCREC_Bact.Sp 3309.JPG,ff33b13d-9611-4c3e-bec9-a628055932b9___GCREC_Bact.Sp 3309.JPG,Tomato_Bacterial_spot,Bacterial spot
6,images/thumbs/00006__5bac1e11-978e-457e-85c2-11a1b5c618ca___GCREC_Bact.Sp 5860.JPG,images/full/00006__5bac1e11-978e-457e-85c2-11a1b5c618ca___GCREC_Bact.Sp 5860.JPG,5bac1e11-978e-457e-85c2-11a1b5c618ca___GCREC_Bact.Sp 5860.JPG,Tomato_Bacterial_spot,Bacterial spot
7,images/thumbs/00007__a3f7725c-9df0-4bd0-9cad-7a209ed4a16d___GCREC_Bact.Sp 3465.JPG,images/full/00007__a3f7725c-9df0-4bd0-9cad-7a209ed4a16d___GCREC_Bact.Sp 3465.JPG,a3f7725c-9df0-4bd0-9cad-7a209ed4a16d___GCREC_Bact.Sp 3465.JPG,Tomato_Bacterial_spot,Bacterial spot
8,images/thumbs/00008__2622ba72-7a9b-4aa6-98c8-c35f2f186476___GCREC_Bact.Sp 5569.JPG,images/full/00008__2622ba72-7a9b-4aa6-98c8-c35f2f186476___GCREC_Bact.Sp 5569.JPG,2622ba72-7a9b-4aa6-98c8-c35f2f186476___GCREC_Bact.Sp 5569.JPG,Tomato_Bacterial_spot,Bacterial spot
9,images/thumbs/00009__191ae7fa-8ca5-4654-a01d-c4f497bb7377___UF.GRC_BS_Lab Leaf 0615.JPG,images/full/00009__191ae7fa-8ca5-4654-a01d-c4f497bb7377___UF.GRC_BS_Lab Leaf 0615.JPG,191ae7fa-8ca5-4654-a01d-c4f497bb7377___UF.GRC_BS_Lab Leaf 0615.JPG,Tomato_Bacterial_spot,Bacterial spot
10,images/thumbs/00010__6d746b6c-52f8-4831-b541-c74d0984c130___GCREC_Bact.Sp 3169.JPG,images/full/00010__6d746b6c-52f8-4831-b541-c74d0984c130___GCREC_Bact.Sp 3169.JPG,6d746b6c-52f8-4831-b541-c74d0984c130___GCREC_Bact.Sp 3169.JPG,Tomato_Bacterial_spot,Bacterial spot
11,images/thumbs/00011__d9a70403-c329-47af-8f48-6e7dcfbb069f___GCREC_Bact.Sp 3023.JPG,images/full/00011__d9a70403-c329-47af-8f48-6e7dcfbb069f___GCREC_Bact.Sp 3023.JPG,d9a70403-c329-47af-8f48-6e7dcfbb069f___GCREC_Bact.Sp 3023.JPG,Tomato_Bacterial_spot,Bacterial spot
12,images/thumbs/00012__0756753c-decb-4344-892f-4677b8215f0f___GCREC_Bact.Sp 5778.JPG,images/full/00012__0756753c-decb-4344-892f-4677b8215f0f___GCREC_Bact.Sp 5778.JPG,0756753c-decb-4344-892f-4677b8215f0f___GCREC_Bact.Sp 5778.JPG,Tomato_Bacterial_spot,Bacterial spot
13,images/thumbs/00013__a7869065-f57e-42ba-aa3e-133fa45a7479___UF.GRC_BS_Lab Leaf 0827.JPG,images/full/00013__a7869065-f57e-42ba-aa3e-133fa45a7479___UF.GRC_BS_Lab Leaf 0827.JPG,a7869065-f57e-42ba-aa3e-133fa45a7479___UF.GRC_BS_Lab Leaf 0827.JPG,Tomato_Bacterial_spot,Bacterial spot
14,images/thumbs/00014__254a2a42-f270-49e9-ac38-b5bb2ab653f9___GCREC_Bact.Sp 6107.JPG,images/full/00014__254a2a42-f270-49e9-ac38-b5bb2ab653f9___GCREC_Bact.Sp 6107.JPG,254a2a42-f270-49e9-ac38-b5bb2ab653f9___GCREC_Bact.Sp 6107.JPG,Tomato_Bacterial_spot,Bacterial spot
15,images/thumbs/00015__3503743b-11b3-47f0-8713-2ad330226745___UF.GRC_BS_Lab Leaf 9129.JPG,images/full/00015__3503743b-11b3-47f0-8713-2ad330226745___UF.GRC_BS_Lab Leaf 9129.JPG,3503743b-11b3-47f0-8713-2ad330226745___UF.GRC_BS_Lab Leaf 9129.JPG,Tomato_Bacterial_spot,Bacterial spot
16,images/thumbs/00016__86675a78-d635-447c-85c8-33c683d24092___GCREC_Bact.Sp 6058.JPG,images/full/00016__86675a78-d635-447c-85c8-33c683d24092___GCREC_Bact.Sp 6058.JPG,86675a78-d635-447c-85c8-33c683d24092___GCREC_Bact.Sp 6058.JPG,Tomato_Bacterial_spot,Bacterial spot
17,images/thumbs/00017__e6a975f7-b2f0-4dec-b360-c944abd984da___GCREC_Bact.Sp 3249.JPG,images/full/00017__e6a975f7-b2f0-4dec-b360-c944abd984da___GCREC_Bact.Sp 3249.JPG,e6a975f7-b2f0-4dec-b360-c944abd984da___GCREC_Bact.Sp 3249.JPG,Tomato_Bacterial_spot,Bacterial spot
18,images/thumbs/00018__2359d490-4be7-4328-97bf-860b2f78bc19___GCREC_Bact.Sp 6113.JPG,images/full/00018__2359d490-4be7-4328-97bf-860b2f78bc19___GCREC_Bact.Sp 6113.JPG,2359d490-4be7-4328-97bf-860b2f78bc19___GCREC_Bact.Sp 6113.JPG,Tomato_Bacterial_spot,Bacterial spot
19,images/thumbs/00019__624af462-6321-42a3-a79e-52cedc26a10e___GCREC_Bact.Sp 3764.JPG,images/full/00019__624af462-6321-42a3-a79e-52cedc26a10e___GCREC_Bact.Sp 3764.JPG,624af462-6321-42a3-a79e-52cedc26a10e___GCREC_Bact.Sp 3764.JPG,Tomato_Bacterial_spot,Bacterial spot
20,images/thumbs/00020__26079b3e-dfa6-4ad2-b699-cccf9d9b5032___GCREC_Bact.Sp 5678.JPG,images/full/00020__26079b3e-dfa6-4ad2-b699-cccf9d9b5032___GCREC_Bact.Sp 5678.JPG,26079b3e-dfa6-4ad2-b699-cccf9d9b5032___GCREC_Bact.Sp 5678.JPG,Tomato_Bacterial_spot,Bacterial spot
21,images/thumbs/00021__f8b57e69-5902-4253-8404-11811ecf13e8___RS_Early.B 6995.JPG,images/full/00021__f8b57e69-5902-4253-8404-11811ecf13e8___RS_Early.B 6995.JPG,f8b57e69-5902-4253-8404-11811ecf13e8___RS_Early.B 6995.JPG,Potato___Early_blight,Early blight
22,images/thumbs/00022__07502bbb-1733-4d49-a3dc-557b1d4391da___RS_Erly.B 7516.JPG,images/full/00022__07502bbb-1733-4d49-a3dc-557b1d4391da___RS_Erly.B 7516.JPG,07502bbb-1733-4d49-a3dc-557b1d4391da___RS_Erly.B 7516.JPG,Tomato_Early_blight,Early blight
23,images/thumbs/00023__654d7c11-664e-47c0-a6aa-c5c45a07e386___RS_Erly.B 7799.JPG,images/full/00023__654d7c11-664e-47c0-a6aa-c5c45a07e386___RS_Erly.B 7799.JPG,654d7c11-664e-47c0-a6aa-c5c45a07e386___RS_Erly.B 7799.JPG,Tomato_Early_blight,Early blight
24,images/thumbs/00024__72e0c27a-891e-4864-a473-c44d578ad2ed___RS_Erly.B 7622.JPG,images/full/00024__72e0c27a-891e-4864-a473-c44d578ad2ed___RS_Erly.B 7622.JPG,72e0c27a-891e-4864-a473-c44d578ad2ed___RS_Erly.B 7622.JPG,Tomato_Early_blight,Early blight
25,images/thumbs/00025__987851e7-b309-4b26-94bc-628374aee931___RS_Erly.B 7530.JPG,images/full/00025__987851e7-b309-4b26-94bc-628374aee931___RS_Erly.B 7530.JPG,987851e7-b309-4b26-94bc-628374aee931___RS_Erly.B 7530.JPG,Tomato_Early_blight,Early blight
26,images/thumbs/00026__a6d7438a-35f6-40fb-ab5c-a46cdfef7e83___RS_Erly.B 9594.JPG,images/full/00026__a6d7438a-35f6-40fb-ab5c-a46cdfef7e83___RS_Erly.B 9594.JPG,a6d7438a-35f6-40fb-ab5c-a46cdfef7e83___RS_Erly.B 9594.JPG,Tomato_Early_blight,Early blight
27,images/thumbs/00027__4d1d5d85-e67d-4007-bceb-9b577f49065b___RS_Early.B 8885.JPG,images/full/00027__4d1d5d85-e67d-4007-bceb-9b577f49065b___RS_Early.B 8885.JPG,4d1d5d85-e67d-4007-bceb-9b577f49065b___RS_Early.B 8885.JPG,Potato___Early_blight,Early blight
28,images/thumbs/00028__5bcb328c-9fa4-4abf-a3b6-8a015ada7d94___RS_Erly.B 7476.JPG,images/full/00028__5bcb328c-9fa4-4abf-a3b6-8a015ada7d94___RS_Erly.B 7476.JPG,5bcb328c-9fa4-4abf-a3b6-8a015ada7d94___RS_Erly.B 7476.JPG,Tomato_Early_blight,Early blight
29,images/thumbs/00029__dc2775b9-e62e-4fe5-921f-e1cf5c4e2fe4___RS_Early.B 6942.JPG,images/full/00029__dc2775b9-e62e-4fe5-921f-e1cf5c4e2fe4___RS_Early.B 6942.JPG,dc2775b9-e62e-4fe5-921f-e1cf5c4e2fe4___RS_Early.B 6942.JPG,Potato___Early_blight,Early blight
30,images/thumbs/00030__ba75cd48-68cb-49cb-9d79-d03c1b007852___RS_Erly.B 7432.JPG,images/full/00030__ba75cd48-68cb-49cb-9d79-d03c1b007852___RS_Erly.B 7432.JPG,ba75cd48-68cb-49cb-9d79-d03c1b007852___RS_Erly.B 7432.JPG,Tomato_Early_blight,Early blight
31,images/thumbs/00031__a3fe02f0-6d49-4e9a-ba9a-ac26e8b65ca9___RS_Early.B 7560.JPG,images/full/00031__a3fe02f0-6d49-4e9a-ba9a-ac26e8b65ca9___RS_Early.B 7560.JPG,a3fe02f0-6d49-4e9a-ba9a-ac26e8b65ca9___RS_Early.B 7560.JPG,Potato___Early_blight,Early blight
32,images/thumbs/00032__f91230c1-b28c-46fe-ab7a-329fdb689a02___RS_Erly.B 9439.JPG,images/full/00032__f91230c1-b28c-46fe-ab7a-329fdb689a02___RS_Erly.B 9439.JPG,f91230c1-b28c-46fe-ab7a-329fdb689a02___RS_Erly.B 9439.JPG,Tomato_Early_blight,Early blight
33,images/thumbs/00033__95de9f94-ddb1-4303-b3d9-a3ad2b430bbf___RS_Erly.B 9554.JPG,images/full/00033__95de9f94-ddb1-4303-b3d9-a3ad2b430bbf___RS_Erly.B 9554.JPG,95de9f94-ddb1-4303-b3d9-a3ad2b430bbf___RS_Erly.B 9554.JPG,Tomato_Early_blight,Early blight
34,images/thumbs/00034__b29e0fdf-c39f-4b3a-b12f-c693374f15cf___RS_Early.B 8820.JPG,images/full/00034__b29e0fdf-c39f-4b3a-b12f-c693374f15cf___RS_Early.B 8820.JPG,b29e0fdf-c39f-4b3a-b12f-c693374f15cf___RS_Early.B 8820.JPG,Potato___Early_blight,Early blight
35,images/thumbs/00035__4857420e-b28e-4bb5-aa03-5e333cf27af0___RS_Early.B 6847.JPG,images/full/00035__4857420e-b28e-4bb5-aa03-5e333cf27af0___RS_Early.B 6847.JPG,4857420e-b28e-4bb5-aa03-5e333cf27af0___RS_Early.B 6847.JPG,Potato___Early_blight,Early blight
36,images/thumbs/00036__d435f2db-74fc-4b82-9dd8-9ffdc51650c6___RS_Early.B 9181.JPG,images/full/00036__d435f2db-74fc-4b82-9dd8-9ffdc51650c6___RS_Early.B 9181.JPG,d435f2db-74fc-4b82-9dd8-9ffdc51650c6___RS_Early.B 9181.JPG,Potato___Early_blight,Early blight
37,images/thumbs/00037__efd49e70-b8d6-493f-9099-b3d9d534f365___RS_Early.B 7854.JPG,images/full/00037__efd49e70-b8d6-493f-9099-b3d9d534f365___RS_Early.B 7854.JPG,efd49e70-b8d6-493f-9099-b3d9d534f365___RS_Early.B 7854.JPG,Potato___Early_blight,Early blight
38,images/thumbs/00038__c3e85d27-e5e0-4897-a039-22640e696184___RS_Erly.B 9459.JPG,images/full/00038__c3e85d27-e5e0-4897-a039-22640e696184___RS_Erly.B 9459.JPG,c3e85d27-e5e0-4897-a039-22640e696184___RS_Erly.B 9459.JPG,Tomato_Early_blight,Early blight
39,images/thumbs/00039__544b5324-f697-4af8-90d4-47b7b86691c6___RS_Early.B 7028.JPG,images/full/00039__544b5324-f697-4af8-90d4-47b7b86691c6___RS_Early.B 7028.JPG,544b5324-f697-4af8-90d4-47b7b86691c6___RS_Early.B 7028.JPG,Potato___Early_blight,Early blight
40,images/thumbs/00040__438176fc-2e4a-45d1-9014-3eb2391c5832___RS_Early.B 8147.JPG,images/full/00040__438176fc-2e4a-45d1-9014-3eb2391c5832___RS_Early.B 8147.JPG,438176fc-2e4a-45d1-9014-3eb2391c5832___RS_Early.B 8147.JPG,Potato___Early_blight,Early blight
41,images/thumbs/00041__6a72ed4a-cdb5-4a50-9a0d-efc119066fd7___RS_LB 2865.JPG,images/full/00041__6a72ed4a-cdb5-4a50-9a0d-efc119066fd7___RS_LB 2865.JPG,6a72ed4a-cdb5-4a50-9a0d-efc119066fd7___RS_LB 2865.JPG,Potato___Late_blight,Late blight
42,images/thumbs/00042__f1764cd0-d391-4214-93db-20299d62e853___RS_LB 3012.JPG,images/full/00042__f1764cd0-d391-4214-93db-20299d62e853___RS_LB 3012.JPG,f1764cd0-d391-4214-93db-20299d62e853___RS_LB 3012.JPG,Potato___Late_blight,Late blight
43,images/thumbs/00043__d6ccb948-fdd5-4357-bb6a-c3df838ea465___GHLB_PS Leaf 8.1 Day 8.jpg,images/full/00043__d6ccb948-fdd5-4357-bb6a-c3df838ea465___GHLB_PS Leaf 8.1 Day 8.jpg,d6ccb948-fdd5-4357-bb6a-c3df838ea465___GHLB_PS Leaf 8.1 Day 8.jpg,Tomato_Late_blight,Late blight
44,images/thumbs/00044__f336431f-8e79-4ff6-9afd-03bacf1bfaf2___RS_Late.B 5521.JPG,images/full/00044__f336431f-8e79-4ff6-9afd-03bacf1bfaf2___RS_Late.B 5521.JPG,f336431f-8e79-4ff6-9afd-03bacf1bfaf2___RS_Late.B 5521.JPG,Tomato_Late_blight,Late blight
45,images/thumbs/00045__d5fc4513-574d-4be6-a8ba-1dc840b21fc4___RS_Late.B 6470.JPG,images/full/00045__d5fc4513-574d-4be6-a8ba-1dc840b21fc4___RS_Late.B 6470.JPG,d5fc4513-574d-4be6-a8ba-1dc840b21fc4___RS_Late.B 6470.JPG,Tomato_Late_blight,Late blight
46,images/thumbs/00046__25bfd51b-6db7-42a5-9990-992f52a0c836___GHLB2 Leaf 61.JPG,images/full/00046__25bfd51b-6db7-42a5-9990-992f52a0c836___GHLB2 Leaf 61.JPG,25bfd51b-6db7-42a5-9990-992f52a0c836___GHLB2 Leaf 61.JPG,Tomato_Late_blight,Late blight
47,images/thumbs/00047__541b1d99-c630-4730-861f-a8ef53615709___GHLB2 Leaf 8857.JPG,images/full/00047__541b1d99-c630-4730-861f-a8ef53615709___GHLB2 Leaf 8857.JPG,541b1d99-c630-4730-861f-a8ef53615709___GHLB2 Leaf 8857.JPG,Tomato_Late_blight,Late blight
48,images/thumbs/00048__0c2628d4-8d64-48a9-a157-19a9c902e304___RS_LB 4590.JPG,images/full/00048__0c2628d4-8d64-48a9-a157-19a9c902e304___RS_LB 4590.JPG,0c2628d4-8d64-48a9-a157-19a9c902e304___RS_LB 4590.JPG,Potato___Late_blight,Late blight
49,images/thumbs/00049__82090f30-20fa-4c5e-9bcc-9cfe7d64b56a___RS_Late.B 5395.JPG,images/full/00049__82090f30-20fa-4c5e-9bcc-9cfe7d64b56a___RS_Late.B 5395.JPG,82090f30-20fa-4c5e-9bcc-9cfe7d64b56a___RS_Late.B 5395.JPG,Tomato_Late_blight,Late blight
50,images/thumbs/00050__e920998f-6980-4011-90f7-78fdc1c4eaad___RS_Late.B 6118.JPG,images/full/00050__e920998f-6980-4011-90f7-78fdc1c4eaad___RS_Late.B 6118.JPG,e920998f-6980-4011-90f7-78fdc1c4eaad___RS_Late.B 6118.JPG,Tomato_Late_blight,Late blight
51,images/thumbs/00051__d0dceae1-6bf8-475a-99fa-f27accadece0___GHLB2 Leaf 8778.JPG,images/full/00051__d0dceae1-6bf8-475a-99fa-f27accadece0___GHLB2 Leaf 8778.JPG,d0dceae1-6bf8-475a-99fa-f27accadece0___GHLB2 Leaf 8778.JPG,Tomato_Late_blight,Late blight
52,images/thumbs/00052__967a0ddf-f5c4-4116-bc2b-18e1032cd8db___GHLB2 Leaf 9094.JPG,images/full/00052__967a0ddf-f5c4-4116-bc2b-18e1032cd8db___GHLB2 Leaf 9094.JPG,967a0ddf-f5c4-4116-bc2b-18e1032cd8db___GHLB2 Leaf 9094.JPG,Tomato_Late_blight,Late blight
53,images/thumbs/00053__3be006f1-7062-47da-a375-8fb7fedb77c0___RS_Late.B 6229.JPG,images/full/00053__3be006f1-7062-47da-a375-8fb7fedb77c0___RS_Late.B 6229.JPG,3be006f1-7062-47da-a375-8fb7fedb77c0___RS_Late.B 6229.JPG,Tomato_Late_blight,Late blight
54,images/thumbs/00054__16441ce5-dcfa-411c-8029-cef10b3f6474___GHLB2 Leaf 8687.JPG,images/full/00054__16441ce5-dcfa-411c-8029-cef10b3f6474___GHLB2 Leaf 8687.JPG,16441ce5-dcfa-411c-8029-cef10b3f6474___GHLB2 Leaf 8687.JPG,Tomato_Late_blight,Late blight
55,images/thumbs/00055__483e8a16-c92f-4f69-a048-54c5f4c3676a___RS_Late.B 6296.JPG,images/full/00055__483e8a16-c92f-4f69-a048-54c5f4c3676a___RS_Late.B 6296.JPG,483e8a16-c92f-4f69-a048-54c5f4c3676a___RS_Late.B 6296.JPG,Tomato_Late_blight,Late blight
56,images/thumbs/00056__cdcc1a8c-7b80-4d56-a5b6-942f03928ea0___RS_Late.B 5233.JPG,images/full/00056__cdcc1a8c-7b80-4d56-a5b6-942f03928ea0___RS_Late.B 5233.JPG,cdcc1a8c-7b80-4d56-a5b6-942f03928ea0___RS_Late.B 5233.JPG,Tomato_Late_blight,Late blight
57,images/thumbs/00057__81baeedf-b56b-49b4-a7ff-131083f12ba1___GHLB2 Leaf 8710.JPG,images/full/00057__81baeedf-b56b-49b4-a7ff-131083f12ba1___GHLB2 Leaf 8710.JPG,81baeedf-b56b-49b4-a7ff-131083f12ba1___GHLB2 Leaf 8710.JPG,Tomato_Late_blight,Late blight
58,images/thumbs/00058__de272472-c653-4102-beac-6813da817d21___GHLB2 Leaf 153.2.JPG,images/full/00058__de272472-c653-4102-beac-6813da817d21___GHLB2 Leaf 153.2.JPG,de272472-c653-4102-beac-6813da817d21___GHLB2 Leaf 153.2.JPG,Tomato_Late_blight,Late blight
59,images/thumbs/00059__4ac84ca7-f60a-406e-938d-40f4ba5b75ce___RS_LB 2731.JPG,images/full/00059__4ac84ca7-f60a-406e-938d-40f4ba5b75ce___RS_LB 2731.JPG,4ac84ca7-f60a-406e-938d-40f4ba5b75ce___RS_LB 2731.JPG,Potato___Late_blight,Late blight
60,images/thumbs/00060__d7ef98cc-2d20-42ef-983a-5e45805a8ee6___RS_LB 3841.JPG,images/full/00060__d7ef98cc-2d20-42ef-983a-5e45805a8ee6___RS_LB 3841.JPG,d7ef98cc-2d20-42ef-983a-5e45805a8ee6___RS_LB 3841.JPG,Potato___Late_blight,Late blight
61,images/thumbs/00061__de7feb7f-caf7-4f98-90d4-096b0f130817___Crnl_L.Mold 6629.JPG,images/full/00061__de7feb7f-caf7-4f98-90d4-096b0f130817___Crnl_L.Mold 6629.JPG,de7feb7f-caf7-4f98-90d4-096b0f130817___Crnl_L.Mold 6629.JPG,Tomato_Leaf_Mold,Leaf Mold
62,images/thumbs/00062__9f983c7d-d9a2-4800-aef4-fe60003f51d1___Crnl_L.Mold 8718.JPG,images/full/00062__9f983c7d-d9a2-4800-aef4-fe60003f51d1___Crnl_L.Mold 8718.JPG,9f983c7d-d9a2-4800-aef4-fe60003f51d1___Crnl_L.Mold 8718.JPG,Tomato_Leaf_Mold,Leaf Mold
63,images/thumbs/00063__0eda4dc5-7f7b-4e27-9e53-1e0326eef88e___Crnl_L.Mold 8850.JPG,images/full/00063__0eda4dc5-7f7b-4e27-9e53-1e0326eef88e___Crnl_L.Mold 8850.JPG,0eda4dc5-7f7b-4e27-9e53-1e0326eef88e___Crnl_L.Mold 8850.JPG,Tomato_Leaf_Mold,Leaf Mold
64,images/thumbs/00064__bb7c7fce-4601-43b6-b396-4f78ca7dd44c___Crnl_L.Mold 9013.JPG,images/full/00064__bb7c7fce-4601-43b6-b396-4f78ca7dd44c___Crnl_L.Mold 9013.JPG,bb7c7fce-4601-43b6-b396-4f78ca7dd44c___Crnl_L.Mold 9013.JPG,Tomato_Leaf_Mold,Leaf Mold
65,images/thumbs/00065__6a43fd4b-43d1-4539-8878-ad72d770b74f___Crnl_L.Mold 9039.JPG,images/full/00065__6a43fd4b-43d1-4539-8878-ad72d770b74f___Crnl_L.Mold 9039.JPG,6a43fd4b-43d1-4539-8878-ad72d770b74f___Crnl_L.Mold 9039.JPG,Tomato_Leaf_Mold,Leaf Mold
66,images/thumbs/00066__7a8f225e-a87c-47ca-a49d-27b620951a4e___Crnl_L.Mold 6497.JPG,images/full/00066__7a8f225e-a87c-47ca-a49d-27b620951a4e___Crnl_L.Mold 6497.JPG,7a8f225e-a87c-47ca-a49d-27b620951a4e___Crnl_L.Mold 6497.JPG,Tomato_Leaf_Mold,Leaf Mold
67,images/thumbs/00067__774d3b86-63a3-46a7-9355-9aa512d70e19___Crnl_L.Mold 8914.JPG,images/full/00067__774d3b86-63a3-46a7-9355-9aa512d70e19___Crnl_L.Mold 8914.JPG,774d3b86-63a3-46a7-9355-9aa512d70e19___Crnl_L.Mold 8914.JPG,Tomato_Leaf_Mold,Leaf Mold
68,images/thumbs/00068__fbd446f3-6104-4ab8-8d3f-d4f69befecef___Crnl_L.Mold 7131.JPG,images/full/00068__fbd446f3-6104-4ab8-8d3f-d4f69befecef___Crnl_L.Mold 7131.JPG,fbd446f3-6104-4ab8-8d3f-d4f69befecef___Crnl_L.Mold 7131.JPG,Tomato_Leaf_Mold,Leaf Mold
69,images/thumbs/00069__32245a13-92fe-48bf-85c8-938819a057ee___Crnl_L.Mold 8643.JPG,images/full/00069__32245a13-92fe-48bf-85c8-938819a057ee___Crnl_L.Mold 8643.JPG,32245a13-92fe-48bf-85c8-938819a057ee___Crnl_L.Mold 8643.JPG,Tomato_Leaf_Mold,Leaf Mold
70,images/thumbs/00070__2406a1dc-92d9-4cc9-a724-a67c73104717___Crnl_L.Mold 8750.JPG,images/full/00070__2406a1dc-92d9-4cc9-a724-a67c73104717___Crnl_L.Mold 8750.JPG,2406a1dc-92d9-4cc9-a724-a67c73104717___Crnl_L.Mold 8750.JPG,Tomato_Leaf_Mold,Leaf Mold
71,images/thumbs/00071__d11b8bf0-6fcb-4b1b-b687-c2e0d2fabaa2___Crnl_L.Mold 6669.JPG,images/full/00071__d11b8bf0-6fcb-4b1b-b687-c2e0d2fabaa2___Crnl_L.Mold 6669.JPG,d11b8bf0-6fcb-4b1b-b687-c2e0d2fabaa2___Crnl_L.Mold 6669.JPG,Tomato_Leaf_Mold,Leaf Mold
72,images/thumbs/00072__5033c868-7977-4a3f-9705-1fb656e64459___Crnl_L.Mold 6813.JPG,images/full/00072__5033c868-7977-4a3f-9705-1fb656e64459___Crnl_L.Mold 6813.JPG,5033c868-7977-4a3f-9705-1fb656e64459___Crnl_L.Mold 6813.JPG,Tomato_Leaf_Mold,Leaf Mold
73,images/thumbs/00073__8f917e44-0e93-4d5a-9274-6be0fc201f31___Crnl_L.Mold 6770.JPG,images/full/00073__8f917e44-0e93-4d5a-9274-6be0fc201f31___Crnl_L.Mold 6770.JPG,8f917e44-0e93-4d5a-9274-6be0fc201f31___Crnl_L.Mold 6770.JPG,Tomato_Leaf_Mold,Leaf Mold
74,images/thumbs/00074__b75fa72e-186c-4d64-a88c-dc037f275415___Crnl_L.Mold 6531.JPG,images/full/00074__b75fa72e-186c-4d64-a88c-dc037f275415___Crnl_L.Mold 6531.JPG,b75fa72e-186c-4d64-a88c-dc037f275415___Crnl_L.Mold 6531.JPG,Tomato_Leaf_Mold,Leaf Mold
75,images/thumbs/00075__28d202ba-1fd8-4200-9727-ad3d977d58f9___Crnl_L.Mold 6758.JPG,images/full/00075__28d202ba-1fd8-4200-9727-ad3d977d58f9___Crnl_L.Mold 6758.JPG,28d202ba-1fd8-4200-9727-ad3d977d58f9___Crnl_L.Mold 6758.JPG,Tomato_Leaf_Mold,Leaf Mold
76,images/thumbs/00076__f61fcad0-2f24-461e-9dc7-4908d950f397___Crnl_L.Mold 8860.JPG,images/full/00076__f61fcad0-2f24-461e-9dc7-4908d950f397___Crnl_L.Mold 8860.JPG,f61fcad0-2f24-461e-9dc7-4908d950f397___Crnl_L.Mold 8860.JPG,Tomato_Leaf_Mold,Leaf Mold
77,images/thumbs/00077__a0e635a0-0935-4192-94cf-7003875a501e___Crnl_L.Mold 8675.JPG,images/full/00077__a0e635a0-0935-4192-94cf-7003875a501e___Crnl_L.Mold 8675.JPG,a0e635a0-0935-4192-94cf-7003875a501e___Crnl_L.Mold 8675.JPG,Tomato_Leaf_Mold,Leaf Mold
78,images/thumbs/00078__f989d3e8-e86b-4a15-80d7-22f6f7e0497a___Crnl_L.Mold 6818.JPG,images/full/00078__f989d3e8-e86b-4a15-80d7-22f6f7e0497a___Crnl_L.Mold 6818.JPG,f989d3e8-e86b-4a15-80d7-22f6f7e0497a___Crnl_L.Mold 6818.JPG,Tomato_Leaf_Mold,Leaf Mold
79,images/thumbs/00079__b38caab5-9031-4877-ba93-96bec1bdd4ff___Crnl_L.Mold 9028.JPG,images/full/00079__b38caab5-9031-4877-ba93-96bec1bdd4ff___Crnl_L.Mold 9028.JPG,b38caab5-9031-4877-ba93-96bec1bdd4ff___Crnl_L.Mold 9028.JPG,Tomato_Leaf_Mold,Leaf Mold
80,images/thumbs/00080__02a29ab9-8cba-47a0-bc2f-e7af7dbae149___Crnl_L.Mold 7165.JPG,images/full/00080__02a29ab9-8cba-47a0-bc2f-e7af7dbae149___Crnl_L.Mold 7165.JPG,02a29ab9-8cba-47a0-bc2f-e7af7dbae149___Crnl_L.Mold 7165.JPG,Tomato_Leaf_Mold,Leaf Mold
81,images/thumbs/00081__aa233fb1-e0b7-45cc-a5f3-a163b703299e___JR_Sept.L.S 2718.JPG,images/full/00081__aa233fb1-e0b7-45cc-a5f3-a163b703299e___JR_Sept.L.S 2718.JPG,aa233fb1-e0b7-45cc-a5f3-a163b703299e___JR_Sept.L.S 2718.JPG,Tomato_Septoria_leaf_spot,Septoria leaf spot
82,images/thumbs/00082__fc5b136a-102b-454a-8200-ddf85b2a0e52___Keller.St_CG 1898.JPG,images/full/00082__fc5b136a-102b-454a-8200-ddf85b2a0e52___Keller.St_CG 1898.JPG,fc5b136a-102b-454a-8200-ddf85b2a0e52___Keller.St_CG 1898.JPG,Tomato_Septoria_leaf_spot,Septoria leaf spot
83,images/thumbs/00083__9ba317fe-1487-4501-91c3-c84f86ae6832___Keller.St_CG 1798.JPG,images/full/00083__9ba317fe-1487-4501-91c3-c84f86ae6832___Keller.St_CG 1798.JPG,9ba317fe-1487-4501-91c3-c84f86ae6832___Keller.St_CG 1798.JPG,Tomato_Septoria_leaf_spot,Septoria leaf spot
84,images/thumbs/00084__d9b157de-5e30-4233-8fbe-dc3c69730aed___JR_Sept.L.S 2657.JPG,images/full/00084__d9b157de-5e30-4233-8fbe-dc3c69730aed___JR_Sept.L.S 2657.JPG,d9b157de-5e30-4233-8fbe-dc3c69730aed___JR_Sept.L.S 2657.JPG,Tomato_Septoria_leaf_spot,Septoria leaf spot
85,images/thumbs/00085__59bf9a0a-7c6f-44d7-ae59-b987b59b7af4___Matt.S_CG 6180.JPG,images/full/00085__59bf9a0a-7c6f-44d7-ae59-b987b59b7af4___Matt.S_CG 6180.JPG,59bf9a0a-7c6f-44d7-ae59-b987b59b7af4___Matt.S_CG 6180.JPG,Tomato_Septoria_leaf_spot,Septoria leaf spot
86,images/thumbs/00086__b642f549-f9f4-4ac4-b8a6-9b060f88b484___JR_Sept.L.S 2597.JPG,images/full/00086__b642f549-f9f4-4ac4-b8a6-9b060f88b484___JR_Sept.L.S 2597.JPG,b642f549-f9f4-4ac4-b8a6-9b060f88b484___JR_Sept.L.S 2597.JPG,Tomato_Septoria_leaf_spot,Septoria leaf spot
87,images/thumbs/00087__94445a4d-97cd-4db5-aedb-32da5756b2d7___JR_Sept.L.S 2498.JPG,images/full/00087__94445a4d-97cd-4db5-aedb-32da5756b2d7___JR_Sept.L.S 2498.JPG,94445a4d-97cd-4db5-aedb-32da5756b2d7___JR_Sept.L.S 2498.JPG,Tomato_Septoria_leaf_spot,Septoria leaf spot
88,images/thumbs/00088__599a27e9-9552-4bad-b478-010bdb56172f___Matt.S_CG 2800.JPG,images/full/00088__599a27e9-9552-4bad-b478-010bdb56172f___Matt.S_CG 2800.JPG,599a27e9-9552-4bad-b478-010bdb56172f___Matt.S_CG 2800.JPG,Tomato_Septoria_leaf_spot,Septoria leaf spot
89,images/thumbs/00089__286a4fc5-4657-472f-bcbe-dbf38e94bb8e___JR_Sept.L.S 8417.JPG,images/full/00089__286a4fc5-4657-472f-bcbe-dbf38e94bb8e___JR_Sept.L.S 8417.JPG,286a4fc5-4657-472f-bcbe-dbf38e94bb8e___JR_Sept.L.S 8417.JPG,Tomato_Septoria_leaf_spot,Septoria leaf spot
90,images/thumbs/00090__e3874274-851b-44e4-a063-32770cb4ea52___Keller.St_CG 1784.JPG,images/full/00090__e3874274-851b-44e4-a063-32770cb4ea52___Keller.St_CG 1784.JPG,e3874274-851b-44e4-a063-32770cb4ea52___Keller.St_CG 1784.JPG,Tomato_Septoria_leaf_spot,Septoria leaf spot
91,images/thumbs/00091__e79a5949-f01b-41fe-a6a8-8716de120741___JR_Sept.L.S 2688.JPG,images/full/00091__e79a5949-f01b-41fe-a6a8-8716de120741___JR_Sept.L.S 2688.JPG,e79a5949-f01b-41fe-a6a8-8716de120741___JR_Sept.L.S 2688.JPG,Tomato_Septoria_leaf_spot,Septoria leaf spot
92,images/thumbs/00092__7387cd69-82f1-4fe3-95d9-b0109e32d4ef___Matt.S_CG 7505.JPG,images/full/00092__7387cd69-82f1-4fe3-95d9-b0109e32d4ef___Matt.S_CG 7505.JPG,7387cd69-82f1-4fe3-95d9-b0109e32d4ef___Matt.S_CG 7505.JPG,Tomato_Septoria_leaf_spot,Septoria leaf spot
93,images/thumbs/00093__0ca7ed02-4540-47df-b01d-194b23226a2d___Matt.S_CG 1733.JPG,images/full/00093__0ca7ed02-4540-47df-b01d-194b23226a2d___Matt.S_CG 1733.JPG,0ca7ed02-4540-47df-b01d-194b23226a2d___Matt.S_CG 1733.JPG,Tomato_Septoria_leaf_spot,Septoria leaf spot
94,images/thumbs/00094__219ee7e9-d5c0-45c9-9a8e-f0e2ccd69171___Matt.S_CG 1578.JPG,images/full/00094__219ee7e9-d5c0-45c9-9a8e-f0e2ccd69171___Matt.S_CG 1578.JPG,219ee7e9-d5c0-45c9-9a8e-f0e2ccd69171___Matt.S_CG 1578.JPG,Tomato_Septoria_leaf_spot,Septoria leaf spot
95,images/thumbs/00095__330bf5ca-8474-4958-a889-3c54bb96ec6a___Matt.S_CG 6557.JPG,images/full/00095__330bf5ca-8474-4958-a889-3c54bb96ec6a___Matt.S_CG 6557.JPG,330bf5ca-8474-4958-a889-3c54bb96ec6a___Matt.S_CG 6557.JPG,Tomato_Septoria_leaf_spot,Septoria leaf spot
96,images/thumbs/00096__7772a2ed-3c1e-4938-90f1-d31c5ca021ee___Matt.S_CG 7853.JPG,images/full/00096__7772a2ed-3c1e-4938-90f1-d31c5ca021ee___Matt.S_CG 7853.JPG,7772a2ed-3c1e-4938-90f1-d31c5ca021ee___Matt.S_CG 7853.JPG,Tomato_Septoria_leaf_spot,Septoria leaf spot
97,images/thumbs/00097__12ffa141-6b58-417e-9f71-bdff69518f6b___JR_Sept.L.S 2573.JPG,images/full/00097__12ffa141-6b58-417e-9f71-bdff69518f6b___JR_Sept.L.S 2573.JPG,12ffa141-6b58-417e-9f71-bdff69518f6b___JR_Sept.L.S 2573.JPG,Tomato_Septoria_leaf_spot,Septoria leaf spot
98,images/thumbs/00098__22b43447-5aed-4a33-ba5c-d422d6f6bbce___JR_Sept.L.S 8421.JPG,images/full/00098__22b43447-5aed-4a33-ba5c-d422d6f6bbce___JR_Sept.L.S 8421.JPG,22b43447-5aed-4a33-ba5c-d422d6f6bbce___JR_Sept.L.S 8421.JPG,Tomato_Septoria_leaf_spot,Septoria leaf spot
99,images/thumbs/00099__1f01e6fc-e4a2-4f40-bd17-bb3852cef631___Keller.St_CG 1825.JPG,images/full/00099__1f01e6fc-e4a2-4f40-bd17-bb3852cef631___Keller.St_CG 1825.JPG,1f01e6fc-e4a2-4f40-bd17-bb3852cef631___Keller.St_CG 1825.JPG,Tomato_Septoria_leaf_spot,Septoria leaf spot
100,images/thumbs/00100__6918835e-c3c4-4c9d-a212-35c1b9766f11___Matt.S_CG 0715.JPG,images/full/00100__6918835e-c3c4-4c9d-a212-35c1b9766f11___Matt.S_CG 0715.JPG,6918835e-c3c4-4c9d-a212-35c1b9766f11___Matt.S_CG 0715.JPG,Tomato_Septoria_leaf_spot,Septoria leaf spot
101,images/thumbs/00101__86508eec-6019-4504-a97e-285e5e910dc7___Com.G_SpM_FL 8723.JPG,images/full/00101__86508eec-6019-4504-a97e-285e5e910dc7___Com.G_SpM_FL 8723.JPG,86508eec-6019-4504-a97e-285e5e910dc7___Com.G_SpM_FL 8723.JPG,PlantVillage,Spider mites Two spotted spider mite
102,images/thumbs/00102__bb240371-2ef1-4421-a638-41ba2ef45b83___Com.G_SpM_FL 1134.JPG,images/full/00102__bb240371-2ef1-4421-a638-41ba2ef45b83___Com.G_SpM_FL 1134.JPG,bb240371-2ef1-4421-a638-41ba2ef45b83___Com.G_SpM_FL 1134.JPG,PlantVillage,Spider mites Two spotted spider mite
103,images/thumbs/00103__95ef7b61-5b31-47dd-b9e3-60efd901396e___Com.G_SpM_FL 8465.JPG,images/full/00103__95ef7b61-5b31-47dd-b9e3-60efd901396e___Com.G_SpM_FL 8465.JPG,95ef7b61-5b31-47dd-b9e3-60efd901396e___Com.G_SpM_FL 8465.JPG,PlantVillage,Spider mites Two spotted spider mite
104,images/thumbs/00104__a3cbf151-7473-40c5-b40f-fa27fe490b21___Com.G_SpM_FL 8722.JPG,images/full/00104__a3cbf151-7473-40c5-b40f-fa27fe490b21___Com.G_SpM_FL 8722.JPG,a3cbf151-7473-40c5-b40f-fa27fe490b21___Com.G_SpM_FL 8722.JPG,PlantVillage,Spider mites Two spotted spider mite
105,images/thumbs/00105__ec2742ac-9e83-449c-8f1f-9e53e07d5da5___Com.G_SpM_FL 8526.JPG,images/full/00105__ec2742ac-9e83-449c-8f1f-9e53e07d5da5___Com.G_SpM_FL 8526.JPG,ec2742ac-9e83-449c-8f1f-9e53e07d5da5___Com.G_SpM_FL 8526.JPG,PlantVillage,Spider mites Two spotted spider mite
106,images/thumbs/00106__3181e984-bdb0-403d-9f58-a259535cb4d4___Com.G_SpM_FL 1405.JPG,images/full/00106__3181e984-bdb0-403d-9f58-a259535cb4d4___Com.G_SpM_FL 1405.JPG,3181e984-bdb0-403d-9f58-a259535cb4d4___Com.G_SpM_FL 1405.JPG,PlantVillage,Spider mites Two spotted spider mite
107,images/thumbs/00107__d85caca5-875f-42c6-94c9-15c58e22fe64___Com.G_SpM_FL 9354.JPG,images/full/00107__d85caca5-875f-42c6-94c9-15c58e22fe64___Com.G_SpM_FL 9354.JPG,d85caca5-875f-42c6-94c9-15c58e22fe64___Com.G_SpM_FL 9354.JPG,PlantVillage,Spider mites Two spotted spider mite
108,images/thumbs/00108__8267018a-a4fa-420b-9cdb-6f44b150459f___Com.G_SpM_FL 8832.JPG,images/full/00108__8267018a-a4fa-420b-9cdb-6f44b150459f___Com.G_SpM_FL 8832.JPG,8267018a-a4fa-420b-9cdb-6f44b150459f___Com.G_SpM_FL 8832.JPG,PlantVillage,Spider mites Two spotted spider mite
109,images/thumbs/00109__2fd0efb7-d0fd-4c57-ba78-8e6a3fc5e149___Com.G_SpM_FL 8926.JPG,images/full/00109__2fd0efb7-d0fd-4c57-ba78-8e6a3fc5e149___Com.G_SpM_FL 8926.JPG,2fd0efb7-d0fd-4c57-ba78-8e6a3fc5e149___Com.G_SpM_FL 8926.JPG,PlantVillage,Spider mites Two spotted spider mite
110,images/thumbs/00110__149e2f8c-8527-4d6b-b661-a2c1324b1fd0___Com.G_SpM_FL 1634.JPG,images/full/00110__149e2f8c-8527-4d6b-b661-a2c1324b1fd0___Com.G_SpM_FL 1634.JPG,149e2f8c-8527-4d6b-b661-a2c1324b1fd0___Com.G_SpM_FL 1634.JPG,PlantVillage,Spider mites Two spotted spider mite
111,images/thumbs/00111__3f364683-faa4-490f-b512-1f78010fcbe8___Com.G_SpM_FL 1164.JPG,images/full/00111__3f364683-faa4-490f-b512-1f78010fcbe8___Com.G_SpM_FL 1164.JPG,3f364683-faa4-490f-b512-1f78010fcbe8___Com.G_SpM_FL 1164.JPG,PlantVillage,Spider mites Two spotted spider mite
112,images/thumbs/00112__ffcfa32d-4506-49ed-9e35-972d5cbad0b8___Com.G_SpM_FL 8450.JPG,images/full/00112__ffcfa32d-4506-49ed-9e35-972d5cbad0b8___Com.G_SpM_FL 8450.JPG,ffcfa32d-4506-49ed-9e35-972d5cbad0b8___Com.G_SpM_FL 8450.JPG,PlantVillage,Spider mites Two spotted spider mite
113,images/thumbs/00113__48ac5ee4-7f7a-4351-8d34-90f89d21ee24___Com.G_SpM_FL 1226.JPG,images/full/00113__48ac5ee4-7f7a-4351-8d34-90f89d21ee24___Com.G_SpM_FL 1226.JPG,48ac5ee4-7f7a-4351-8d34-90f89d21ee24___Com.G_SpM_FL 1226.JPG,PlantVillage,Spider mites Two spotted spider mite
114,images/thumbs/00114__f82052fb-163c-4ef6-acf0-49543f500f72___Com.G_SpM_FL 8494.JPG,images/full/00114__f82052fb-163c-4ef6-acf0-49543f500f72___Com.G_SpM_FL 8494.JPG,f82052fb-163c-4ef6-acf0-49543f500f72___Com.G_SpM_FL 8494.JPG,PlantVillage,Spider mites Two spotted spider mite
115,images/thumbs/00115__a8095d03-62bd-4a7e-b4df-f385f809bbc8___Com.G_SpM_FL 8637.JPG,images/full/00115__a8095d03-62bd-4a7e-b4df-f385f809bbc8___Com.G_SpM_FL 8637.JPG,a8095d03-62bd-4a7e-b4df-f385f809bbc8___Com.G_SpM_FL 8637.JPG,PlantVillage,Spider mites Two spotted spider mite
116,images/thumbs/00116__b867a878-d563-40e1-a0f5-7037f4918842___Com.G_SpM_FL 1354.JPG,images/full/00116__b867a878-d563-40e1-a0f5-7037f4918842___Com.G_SpM_FL 1354.JPG,b867a878-d563-40e1-a0f5-7037f4918842___Com.G_SpM_FL 1354.JPG,PlantVillage,Spider mites Two spotted spider mite
117,images/thumbs/00117__e33fa280-f5cc-404b-a205-36966e9ceb38___Com.G_SpM_FL 8950.JPG,images/full/00117__e33fa280-f5cc-404b-a205-36966e9ceb38___Com.G_SpM_FL 8950.JPG,e33fa280-f5cc-404b-a205-36966e9ceb38___Com.G_SpM_FL 8950.JPG,PlantVillage,Spider mites Two spotted spider mite
118,images/thumbs/00118__b6e18e9c-dd2a-4dc6-a3e7-59de6138c6ce___Com.G_SpM_FL 8711.JPG,images/full/00118__b6e18e9c-dd2a-4dc6-a3e7-59de6138c6ce___Com.G_SpM_FL 8711.JPG,b6e18e9c-dd2a-4dc6-a3e7-59de6138c6ce___Com.G_SpM_FL 8711.JPG,PlantVillage,Spider mites Two spotted spider mite
119,images/thumbs/00119__f12f4153-59e2-4e95-9ff2-fa3b7542ab2e___Com.G_SpM_FL 1427.JPG,images/full/00119__f12f4153-59e2-4e95-9ff2-fa3b7542ab2e___Com.G_SpM_FL 1427.JPG,f12f4153-59e2-4e95-9ff2-fa3b7542ab2e___Com.G_SpM_FL 1427.JPG,PlantVillage,Spider mites Two spotted spider mite
120,images/thumbs/00120__326d232c-21f1-44c0-91a2-ce202460af8d___Com.G_SpM_FL 1360.JPG,images/full/00120__326d232c-21f1-44c0-91a2-ce202460af8d___Com.G_SpM_FL 1360.JPG,326d232c-21f1-44c0-91a2-ce202460af8d___Com.G_SpM_FL 1360.JPG,PlantVillage,Spider mites Two spotted spider mite
121,images/thumbs/00121__de609bf6-d5d9-4a52-b2f6-001740bdc689___Com.G_TgS_FL 1019.JPG,images/full/00121__de609bf6-d5d9-4a52-b2f6-001740bdc689___Com.G_TgS_FL 1019.JPG,de609bf6-d5d9-4a52-b2f6-001740bdc689___Com.G_TgS_FL 1019.JPG,Tomato__Target_Spot,Target Spot
122,images/thumbs/00122__e6e431bc-ce7e-4b7f-a26c-af0dfed6fea1___Com.G_TgS_FL 8278.JPG,images/full/00122__e6e431bc-ce7e-4b7f-a26c-af0dfed6fea1___Com.G_TgS_FL 8278.JPG,e6e431bc-ce7e-4b7f-a26c-af0dfed6fea1___Com.G_TgS_FL 8278.JPG,Tomato__Target_Spot,Target Spot
123,images/thumbs/00123__356ff048-7937-4c55-b0d4-f831c7cb80e4___Com.G_TgS_FL 0680.JPG,images/full/00123__356ff048-7937-4c55-b0d4-f831c7cb80e4___Com.G_TgS_FL 0680.JPG,356ff048-7937-4c55-b0d4-f831c7cb80e4___Com.G_TgS_FL 0680.JPG,Tomato__Target_Spot,Target Spot
124,images/thumbs/00124__ca2def38-d29a-47d7-995a-96459b532fc9___Com.G_TgS_FL 8174.JPG,images/full/00124__ca2def38-d29a-47d7-995a-96459b532fc9___Com.G_TgS_FL 8174.JPG,ca2def38-d29a-47d7-995a-96459b532fc9___Com.G_TgS_FL 8174.JPG,Tomato__Target_Spot,Target Spot
125,images/thumbs/00125__742c5518-9886-4d9c-98fd-ec5d18fd0275___Com.G_TgS_FL 8356.JPG,images/full/00125__742c5518-9886-4d9c-98fd-ec5d18fd0275___Com.G_TgS_FL 8356.JPG,742c5518-9886-4d9c-98fd-ec5d18fd0275___Com.G_TgS_FL 8356.JPG,Tomato__Target_Spot,Target Spot
126,images/thumbs/00126__bdbdd75c-2a24-4ea6-9dfc-e2e82d21ab22___Com.G_TgS_FL 8104.JPG,images/full/00126__bdbdd75c-2a24-4ea6-9dfc-e2e82d21ab22___Com.G_TgS_FL 8104.JPG,bdbdd75c-2a24-4ea6-9dfc-e2e82d21ab22___Com.G_TgS_FL 8104.JPG,Tomato__Target_Spot,Target Spot
127,images/thumbs/00127__fac15e88-8950-4637-9bdc-26bca1e3ae8e___Com.G_TgS_FL 8169.JPG,images/full/00127__fac15e88-8950-4637-9bdc-26bca1e3ae8e___Com.G_TgS_FL 8169.JPG,fac15e88-8950-4637-9bdc-26bca1e3ae8e___Com.G_TgS_FL 8169.JPG,Tomato__Target_Spot,Target Spot
128,images/thumbs/00128__b3855666-8e30-46e7-bcd0-559ac8450983___Com.G_TgS_FL 7953.JPG,images/full/00128__b3855666-8e30-46e7-bcd0-559ac8450983___Com.G_TgS_FL 7953.JPG,b3855666-8e30-46e7-bcd0-559ac8450983___Com.G_TgS_FL 7953.JPG,Tomato__Target_Spot,Target Spot
129,images/thumbs/00129__451eda81-5134-4d6c-aa4b-2d0ce9341159___Com.G_TgS_FL 7898.JPG,images/full/00129__451eda81-5134-4d6c-aa4b-2d0ce9341159___Com.G_TgS_FL 7898.JPG,451eda81-5134-4d6c-aa4b-2d0ce9341159___Com.G_TgS_FL 7898.JPG,Tomato__Target_Spot,Target Spot
130,images/thumbs/00130__711094f0-53c5-4d10-a471-88b5384ec30c___Com.G_TgS_FL 1054.JPG,images/full/00130__711094f0-53c5-4d10-a471-88b5384ec30c___Com.G_TgS_FL 1054.JPG,711094f0-53c5-4d10-a471-88b5384ec30c___Com.G_TgS_FL 1054.JPG,Tomato__Target_Spot,Target Spot
131,images/thumbs/00131__c5af6691-91a3-41a3-85ad-4b9bf717819e___Com.G_TgS_FL 9712.JPG,images/full/00131__c5af6691-91a3-41a3-85ad-4b9bf717819e___Com.G_TgS_FL 9712.JPG,c5af6691-91a3-41a3-85ad-4b9bf717819e___Com.G_TgS_FL 9712.JPG,Tomato__Target_Spot,Target Spot
132,images/thumbs/00132__e6b9cd22-8c2a-4c5c-ad75-a018cf7cc450___Com.G_TgS_FL 9720.JPG,images/full/00132__e6b9cd22-8c2a-4c5c-ad75-a018cf7cc450___Com.G_TgS_FL 9720.JPG,e6b9cd22-8c2a-4c5c-ad75-a018cf7cc450___Com.G_TgS_FL 9720.JPG,Tomato__Target_Spot,Target Spot
133,images/thumbs/00133__eb278265-e24b-4628-8941-c0b7b167cb27___Com.G_TgS_FL 0783.JPG,images/full/00133__eb278265-e24b-4628-8941-c0b7b167cb27___Com.G_TgS_FL 0783.JPG,eb278265-e24b-4628-8941-c0b7b167cb27___Com.G_TgS_FL 0783.JPG,Tomato__Target_Spot,Target Spot
134,images/thumbs/00134__a2c02a4d-ebcd-45cc-9bf1-77938e875712___Com.G_TgS_FL 0707.JPG,images/full/00134__a2c02a4d-ebcd-45cc-9bf1-77938e875712___Com.G_TgS_FL 0707.JPG,a2c02a4d-ebcd-45cc-9bf1-77938e875712___Com.G_TgS_FL 0707.JPG,Tomato__Target_Spot,Target Spot
135,images/thumbs/00135__0da91f19-f1bb-4129-b122-459648794512___Com.G_TgS_FL 8276.JPG,images/full/00135__0da91f19-f1bb-4129-b122-459648794512___Com.G_TgS_FL 8276.JPG,0da91f19-f1bb-4129-b122-459648794512___Com.G_TgS_FL 8276.JPG,Tomato__Target_Spot,Target Spot
136,images/thumbs/00136__54f667ed-d215-4848-81a0-f5d7d49a4eed___Com.G_TgS_FL 8165.JPG,images/full/00136__54f667ed-d215-4848-81a0-f5d7d49a4eed___Com.G_TgS_FL 8165.JPG,54f667ed-d215-4848-81a0-f5d7d49a4eed___Com.G_TgS_FL 8165.JPG,Tomato__Target_Spot,Target Spot
137,images/thumbs/00137__3f8bc89a-03ec-4adb-a403-4176b7bb1057___Com.G_TgS_FL 1008.JPG,images/full/00137__3f8bc89a-03ec-4adb-a403-4176b7bb1057___Com.G_TgS_FL 1008.JPG,3f8bc89a-03ec-4adb-a403-4176b7bb1057___Com.G_TgS_FL 1008.JPG,Tomato__Target_Spot,Target Spot
138,images/thumbs/00138__16e6cb79-1738-454a-aca2-a092bb0f5805___Com.G_TgS_FL 0861.JPG,images/full/00138__16e6cb79-1738-454a-aca2-a092bb0f5805___Com.G_TgS_FL 0861.JPG,16e6cb79-1738-454a-aca2-a092bb0f5805___Com.G_TgS_FL 0861.JPG,Tomato__Target_Spot,Target Spot
139,images/thumbs/00139__dfa19abd-cadc-409b-94a7-9eaeb6ee31cf___Com.G_TgS_FL 8236.JPG,images/full/00139__dfa19abd-cadc-409b-94a7-9eaeb6ee31cf___Com.G_TgS_FL 8236.JPG,dfa19abd-cadc-409b-94a7-9eaeb6ee31cf___Com.G_TgS_FL 8236.JPG,Tomato__Target_Spot,Target Spot
140,images/thumbs/00140__ec90f802-c6ed-4df1-93fe-e25a4d668479___Com.G_TgS_FL 0693.JPG,images/full/00140__ec90f802-c6ed-4df1-93fe-e25a4d668479___Com.G_TgS_FL 0693.JPG,ec90f802-c6ed-4df1-93fe-e25a4d668479___Com.G_TgS_FL 0693.JPG,Tomato__Target_Spot,Target Spot
141,images/thumbs/00141__7a26d2bb-63e3-4a2f-916d-bd587156c1af___YLCV_NREC 2295.JPG,images/full/00141__7a26d2bb-63e3-4a2f-916d-bd587156c1af___YLCV_NREC 2295.JPG,7a26d2bb-63e3-4a2f-916d-bd587156c1af___YLCV_NREC 2295.JPG,Tomato YellowLeaf Curl Virus,Tomato YellowLeaf Curl Virus
142,images/thumbs/00142__7997a8cd-bc11-411a-8992-2842a65b6c62___YLCV_GCREC 5232.JPG,images/full/00142__7997a8cd-bc11-411a-8992-2842a65b6c62___YLCV_GCREC 5232.JPG,7997a8cd-bc11-411a-8992-2842a65b6c62___YLCV_GCREC 5232.JPG,Tomato YellowLeaf Curl Virus,Tomato YellowLeaf Curl Virus
143,images/thumbs/00143__451819a3-0ec8-4716-bf0e-76fdb6c2353d___YLCV_NREC 2542.JPG,images/full/00143__451819a3-0ec8-4716-bf0e-76fdb6c2353d___YLCV_NREC 2542.JPG,451819a3-0ec8-4716-bf0e-76fdb6c2353d___YLCV_NREC 2542.JPG,Tomato YellowLeaf Curl Virus,Tomato YellowLeaf Curl Virus
144,images/thumbs/00144__592ee97a-5272-488c-a6ff-eaf840540023___UF.GRC_YLCV_Lab 03277.JPG,images/full/00144__592ee97a-5272-488c-a6ff-eaf840540023___UF.GRC_YLCV_Lab 03277.JPG,592ee97a-5272-488c-a6ff-eaf840540023___UF.GRC_YLCV_Lab 03277.JPG,Tomato YellowLeaf Curl Virus,Tomato YellowLeaf Curl Virus
145,images/thumbs/00145__18b6a9b7-6d7a-4479-bbf3-8190a742cdc8___YLCV_GCREC 5185.JPG,images/full/00145__18b6a9b7-6d7a-4479-bbf3-8190a742cdc8___YLCV_GCREC 5185.JPG,18b6a9b7-6d7a-4479-bbf3-8190a742cdc8___YLCV_GCREC 5185.JPG,Tomato YellowLeaf Curl Virus,Tomato YellowLeaf Curl Virus
146,images/thumbs/00146__479eee9b-f4c5-45a6-90f6-6f7fbd4069eb___UF.GRC_YLCV_Lab 09470.JPG,images/full/00146__479eee9b-f4c5-45a6-90f6-6f7fbd4069eb___UF.GRC_YLCV_Lab 09470.JPG,479eee9b-f4c5-45a6-90f6-6f7fbd4069eb___UF.GRC_YLCV_Lab 09470.JPG,Tomato YellowLeaf Curl Virus,Tomato YellowLeaf Curl Virus
147,images/thumbs/00147__40120ef4-16d4-4178-a76c-2de54651c37c___YLCV_NREC 2722.JPG,images/full/00147__40120ef4-16d4-4178-a76c-2de54651c37c___YLCV_NREC 2722.JPG,40120ef4-16d4-4178-a76c-2de54651c37c___YLCV_NREC 2722.JPG,Tomato YellowLeaf Curl Virus,Tomato YellowLeaf Curl Virus
148,images/thumbs/00148__1ee4066c-c130-42e8-a95b-17453919f4fb___YLCV_GCREC 2202.JPG,images/full/00148__1ee4066c-c130-42e8-a95b-17453919f4fb___YLCV_GCREC 2202.JPG,1ee4066c-c130-42e8-a95b-17453919f4fb___YLCV_GCREC 2202.JPG,Tomato YellowLeaf Curl Virus,Tomato YellowLeaf Curl Virus
149,images/thumbs/00149__759187eb-578a-4800-8b66-b8cc021255db___UF.GRC_YLCV_Lab 01713.JPG,images/full/00149__759187eb-578a-4800-8b66-b8cc021255db___UF.GRC_YLCV_Lab 01713.JPG,759187eb-578a-4800-8b66-b8cc021255db___UF.GRC_YLCV_Lab 01713.JPG,Tomato YellowLeaf Curl Virus,Tomato YellowLeaf Curl Virus
150,images/thumbs/00150__2e35da7f-b86b-4298-b15c-bfaf24f93356___YLCV_GCREC 5280.JPG,images/full/00150__2e35da7f-b86b-4298-b15c-bfaf24f93356___YLCV_GCREC 5280.JPG,2e35da7f-b86b-4298-b15c-bfaf24f93356___YLCV_GCREC 5280.JPG,Tomato YellowLeaf Curl Virus,Tomato YellowLeaf Curl Virus
151,images/thumbs/00151__83bd57f8-9061-4b1d-ac71-b426f16c7be6___UF.GRC_YLCV_Lab 02870.JPG,images/full/00151__83bd57f8-9061-4b1d-ac71-b426f16c7be6___UF.GRC_YLCV_Lab 02870.JPG,83bd57f8-9061-4b1d-ac71-b426f16c7be6___UF.GRC_YLCV_Lab 02870.JPG,Tomato YellowLeaf Curl Virus,Tomato YellowLeaf Curl Virus
152,images/thumbs/00152__11afb190-14bc-4406-b29d-45ccdcc25317___UF.GRC_YLCV_Lab 08553.JPG,images/full/00152__11afb190-14bc-4406-b29d-45ccdcc25317___UF.GRC_YLCV_Lab 08553.JPG,11afb190-14bc-4406-b29d-45ccdcc25317___UF.GRC_YLCV_Lab 08553.JPG,Tomato YellowLeaf Curl Virus,Tomato YellowLeaf Curl Virus
153,images/thumbs/00153__70c2a7a6-11c3-4d2e-8222-be60e6d60383___YLCV_GCREC 2608.JPG,images/full/00153__70c2a7a6-11c3-4d2e-8222-be60e6d60383___YLCV_GCREC 2608.JPG,70c2a7a6-11c3-4d2e-8222-be60e6d60383___YLCV_GCREC 2608.JPG,Tomato YellowLeaf Curl Virus,Tomato YellowLeaf Curl Virus
154,images/thumbs/00154__592d471e-1ae5-4b14-a1d9-85fceaff6ed0___UF.GRC_YLCV_Lab 02444.JPG,images/full/00154__592d471e-1ae5-4b14-a1d9-85fceaff6ed0___UF.GRC_YLCV_Lab 02444.JPG,592d471e-1ae5-4b14-a1d9-85fceaff6ed0___UF.GRC_YLCV_Lab 02444.JPG,Tomato YellowLeaf Curl Virus,Tomato YellowLeaf Curl Virus
155,images/thumbs/00155__11565eea-c48c-4727-b880-7c9a76fb3e35___UF.GRC_YLCV_Lab 01799.JPG,images/full/00155__11565eea-c48c-4727-b880-7c9a76fb3e35___UF.GRC_YLCV_Lab 01799.JPG,11565eea-c48c-4727-b880-7c9a76fb3e35___UF.GRC_YLCV_Lab 01799.JPG,Tomato YellowLeaf Curl Virus,Tomato YellowLeaf Curl Virus
156,images/thumbs/00156__1e624f89-d4ae-421b-9e9f-dcccd20211ac___YLCV_GCREC 5437.JPG,images/full/00156__1e624f89-d4ae-421b-9e9f-dcccd20211ac___YLCV_GCREC 5437.JPG,1e624f89-d4ae-421b-9e9f-dcccd20211ac___YLCV_GCREC 5437.JPG,Tomato YellowLeaf Curl Virus,Tomato YellowLeaf Curl Virus
157,images/thumbs/00157__59375be6-ea91-4194-8dbf-9a5433690f89___UF.GRC_YLCV_Lab 02061.JPG,images/full/00157__59375be6-ea91-4194-8dbf-9a5433690f89___UF.GRC_YLCV_Lab 02061.JPG,59375be6-ea91-4194-8dbf-9a5433690f89___UF.GRC_YLCV_Lab 02061.JPG,Tomato YellowLeaf Curl Virus,Tomato YellowLeaf Curl Virus
158,images/thumbs/00158__5fcdb337-36dd-41f6-ac68-b550b2935e85___UF.GRC_YLCV_Lab 01823.JPG,images/full/00158__5fcdb337-36dd-41f6-ac68-b550b2935e85___UF.GRC_YLCV_Lab 01823.JPG,5fcdb337-36dd-41f6-ac68-b550b2935e85___UF.GRC_YLCV_Lab 01823.JPG,Tomato YellowLeaf Curl Virus,Tomato YellowLeaf Curl Virus
159,images/thumbs/00159__225b13bb-77a2-44bd-b745-cae8adcb834d___YLCV_GCREC 2136.JPG,images/full/00159__225b13bb-77a2-44bd-b745-cae8adcb834d___YLCV_GCREC 2136.JPG,225b13bb-77a2-44bd-b745-cae8adcb834d___YLCV_GCREC 2136.JPG,Tomato YellowLeaf Curl Virus,Tomato YellowLeaf Curl Virus
160,images/thumbs/00160__44ae864d-be5f-4a76-a377-0b69c2448f10___YLCV_NREC 2811.JPG,images/full/00160__44ae864d-be5f-4a76-a377-0b69c2448f10___YLCV_NREC 2811.JPG,44ae864d-be5f-4a76-a377-0b69c2448f10___YLCV_NREC 2811.JPG,Tomato YellowLeaf Curl Virus,Tomato YellowLeaf Curl Virus
161,images/thumbs/00161__f404ec4e-80d9-4392-900e-43a28f689145___PSU_CG 2323.JPG,images/full/00161__f404ec4e-80d9-4392-900e-43a28f689145___PSU_CG 2323.JPG,f404ec4e-80d9-4392-900e-43a28f689145___PSU_CG 2323.JPG,Tomato__Tomato_mosaic_virus,Tomato mosaic virus
162,images/thumbs/00162__67ccd0d2-9b55-48a7-b093-a616d9c57845___PSU_CG 2307.JPG,images/full/00162__67ccd0d2-9b55-48a7-b093-a616d9c57845___PSU_CG 2307.JPG,67ccd0d2-9b55-48a7-b093-a616d9c57845___PSU_CG 2307.JPG,Tomato__Tomato_mosaic_virus,Tomato mosaic virus
163,images/thumbs/00163__c56876f0-d18b-4a90-86d1-7f90e8e15fac___PSU_CG 2240.JPG,images/full/00163__c56876f0-d18b-4a90-86d1-7f90e8e15fac___PSU_CG 2240.JPG,c56876f0-d18b-4a90-86d1-7f90e8e15fac___PSU_CG 2240.JPG,Tomato__Tomato_mosaic_virus,Tomato mosaic virus
164,images/thumbs/00164__99a4b1cb-e55a-4954-a7c5-ebb0cc57ed2a___PSU_CG 2096.JPG,images/full/00164__99a4b1cb-e55a-4954-a7c5-ebb0cc57ed2a___PSU_CG 2096.JPG,99a4b1cb-e55a-4954-a7c5-ebb0cc57ed2a___PSU_CG 2096.JPG,Tomato__Tomato_mosaic_virus,Tomato mosaic virus
165,images/thumbs/00165__cd8dc897-42ed-494e-8079-53d625d925e0___PSU_CG 2311.JPG,images/full/00165__cd8dc897-42ed-494e-8079-53d625d925e0___PSU_CG 2311.JPG,cd8dc897-42ed-494e-8079-53d625d925e0___PSU_CG 2311.JPG,Tomato__Tomato_mosaic_virus,Tomato mosaic virus
166,images/thumbs/00166__59f9754c-2d49-4a74-ba11-4f9a017c8348___PSU_CG 2200.JPG,images/full/00166__59f9754c-2d49-4a74-ba11-4f9a017c8348___PSU_CG 2200.JPG,59f9754c-2d49-4a74-ba11-4f9a017c8348___PSU_CG 2200.JPG,Tomato__Tomato_mosaic_virus,Tomato mosaic virus
167,images/thumbs/00167__f983209a-7b7c-43f3-b86a-bd9bc7e29c96___PSU_CG 2287.JPG,images/full/00167__f983209a-7b7c-43f3-b86a-bd9bc7e29c96___PSU_CG 2287.JPG,f983209a-7b7c-43f3-b86a-bd9bc7e29c96___PSU_CG 2287.JPG,Tomato__Tomato_mosaic_virus,Tomato mosaic virus
168,images/thumbs/00168__b1d9c785-6ef9-4e5b-bb01-f63fb1fce2d2___PSU_CG 2305.JPG,images/full/00168__b1d9c785-6ef9-4e5b-bb01-f63fb1fce2d2___PSU_CG 2305.JPG,b1d9c785-6ef9-4e5b-bb01-f63fb1fce2d2___PSU_CG 2305.JPG,Tomato__Tomato_mosaic_virus,Tomato mosaic virus
169,images/thumbs/00169__658e96ee-271d-442b-876e-a52970ff540f___PSU_CG 2269.JPG,images/full/00169__658e96ee-271d-442b-876e-a52970ff540f___PSU_CG 2269.JPG,658e96ee-271d-442b-876e-a52970ff540f___PSU_CG 2269.JPG,Tomato__Tomato_mosaic_virus,Tomato mosaic virus
170,images/thumbs/00170__2d053972-2f30-414c-9de9-e37c98e44648___PSU_CG 2104.JPG,images/full/00170__2d053972-2f30-414c-9de9-e37c98e44648___PSU_CG 2104.JPG,2d053972-2f30-414c-9de9-e37c98e44648___PSU_CG 2104.JPG,Tomato__Tomato_mosaic_virus,Tomato mosaic virus
171,images/thumbs/00171__8babd25a-f124-4d1f-a57a-5db347b34f0d___PSU_CG 2355.JPG,images/full/00171__8babd25a-f124-4d1f-a57a-5db347b34f0d___PSU_CG 2355.JPG,8babd25a-f124-4d1f-a57a-5db347b34f0d___PSU_CG 2355.JPG,Tomato__Tomato_mosaic_virus,Tomato mosaic virus
172,images/thumbs/00172__2767e072-0e76-4860-abc3-769fb4af3aae___PSU_CG 2257.JPG,images/full/00172__2767e072-0e76-4860-abc3-769fb4af3aae___PSU_CG 2257.JPG,2767e072-0e76-4860-abc3-769fb4af3aae___PSU_CG 2257.JPG,Tomato__Tomato_mosaic_virus,Tomato mosaic virus
173,images/thumbs/00173__71ed39c0-f601-4913-aaf0-7719b3cc75b2___PSU_CG 2152.JPG,images/full/00173__71ed39c0-f601-4913-aaf0-7719b3cc75b2___PSU_CG 2152.JPG,71ed39c0-f601-4913-aaf0-7719b3cc75b2___PSU_CG 2152.JPG,Tomato__Tomato_mosaic_virus,Tomato mosaic virus
174,images/thumbs/00174__dcbf5ac4-f25b-4e62-999b-44e1892db4ab___PSU_CG 2107.JPG,images/full/00174__dcbf5ac4-f25b-4e62-999b-44e1892db4ab___PSU_CG 2107.JPG,dcbf5ac4-f25b-4e62-999b-44e1892db4ab___PSU_CG 2107.JPG,Tomato__Tomato_mosaic_virus,Tomato mosaic virus
175,images/thumbs/00175__e1c99066-9ee5-4424-8701-9ee9bea5e229___PSU_CG 2284.JPG,images/full/00175__e1c99066-9ee5-4424-8701-9ee9bea5e229___PSU_CG 2284.JPG,e1c99066-9ee5-4424-8701-9ee9bea5e229___PSU_CG 2284.JPG,Tomato__Tomato_mosaic_virus,Tomato mosaic virus
176,images/thumbs/00176__119554ae-c777-46da-abb7-591404fdc65f___PSU_CG 2393.JPG,images/full/00176__119554ae-c777-46da-abb7-591404fdc65f___PSU_CG 2393.JPG,119554ae-c777-46da-abb7-591404fdc65f___PSU_CG 2393.JPG,Tomato__Tomato_mosaic_virus,Tomato mosaic virus
177,images/thumbs/00177__e03cb55d-6525-4186-a318-5c06c0691642___PSU_CG 2353.JPG,images/full/00177__e03cb55d-6525-4186-a318-5c06c0691642___PSU_CG 2353.JPG,e03cb55d-6525-4186-a318-5c06c0691642___PSU_CG 2353.JPG,Tomato__Tomato_mosaic_virus,Tomato mosaic virus
178,images/thumbs/00178__1ccfd473-6b3d-47a9-897b-0653d7683d75___PSU_CG 2163.JPG,images/full/00178__1ccfd473-6b3d-47a9-897b-0653d7683d75___PSU_CG 2163.JPG,1ccfd473-6b3d-47a9-897b-0653d7683d75___PSU_CG 2163.JPG,Tomato__Tomato_mosaic_virus,Tomato mosaic virus
179,images/thumbs/00179__59e3d4c3-f6fe-4d68-82a5-d509b810b39d___PSU_CG 2303.JPG,images/full/00179__59e3d4c3-f6fe-4d68-82a5-d509b810b39d___PSU_CG 2303.JPG,59e3d4c3-f6fe-4d68-82a5-d509b810b39d___PSU_CG 2303.JPG,Tomato__Tomato_mosaic_virus,Tomato mosaic virus
180,images/thumbs/00180__983cd485-5bc8-46a0-94cc-26c522228508___PSU_CG 2397.JPG,images/full/00180__983cd485-5bc8-46a0-94cc-26c522228508___PSU_CG 2397.JPG,983cd485-5bc8-46a0-94cc-26c522228508___PSU_CG 2397.JPG,Tomato__Tomato_mosaic_virus,Tomato mosaic virus
181,images/thumbs/00181__afc76c77-fd2d-4b7f-b1ad-14ba4d5fe297___NREC_B.Spot 9113.JPG,images/full/00181__afc76c77-fd2d-4b7f-b1ad-14ba4d5fe297___NREC_B.Spot 9113.JPG,afc76c77-fd2d-4b7f-b1ad-14ba4d5fe297___NREC_B.Spot 9113.JPG,Pepper__bell___Bacterial_spot,bell Bacterial spot
182,images/thumbs/00182__cc74b411-3662-41cf-9764-517ddfa1e913___NREC_B.Spot 1955.JPG,images/full/00182__cc74b411-3662-41cf-9764-517ddfa1e913___NREC_B.Spot 1955.JPG,cc74b411-3662-41cf-9764-517ddfa1e913___NREC_B.Spot 1955.JPG,Pepper__bell___Bacterial_spot,bell Bacterial spot
183,images/thumbs/00183__b21d5a06-eab3-47a9-86d1-70295f8f8848___NREC_B.Spot 1940.JPG,images/full/00183__b21d5a06-eab3-47a9-86d1-70295f8f8848___NREC_B.Spot 1940.JPG,b21d5a06-eab3-47a9-86d1-70295f8f8848___NREC_B.Spot 1940.JPG,Pepper__bell___Bacterial_spot,bell Bacterial spot
184,images/thumbs/00184__eaef6117-c055-401a-8851-cec16787b5d8___JR_B.Spot 3278.JPG,images/full/00184__eaef6117-c055-401a-8851-cec16787b5d8___JR_B.Spot 3278.JPG,eaef6117-c055-401a-8851-cec16787b5d8___JR_B.Spot 3278.JPG,Pepper__bell___Bacterial_spot,bell Bacterial spot
185,images/thumbs/00185__bac5f227-64b0-4064-9716-611dd35c2897___JR_B.Spot 3103.JPG,images/full/00185__bac5f227-64b0-4064-9716-611dd35c2897___JR_B.Spot 3103.JPG,bac5f227-64b0-4064-9716-611dd35c2897___JR_B.Spot 3103.JPG,Pepper__bell___Bacterial_spot,bell Bacterial spot
186,images/thumbs/00186__c868e0ed-12df-48d5-9ad8-e924a0c7ccbf___NREC_B.Spot 1986.JPG,images/full/00186__c868e0ed-12df-48d5-9ad8-e924a0c7ccbf___NREC_B.Spot 1986.JPG,c868e0ed-12df-48d5-9ad8-e924a0c7ccbf___NREC_B.Spot 1986.JPG,Pepper__bell___Bacterial_spot,bell Bacterial spot
187,images/thumbs/00187__3610f357-8b9f-4f98-8e7f-c4297daf3b20___NREC_B.Spot 1971.JPG,images/full/00187__3610f357-8b9f-4f98-8e7f-c4297daf3b20___NREC_B.Spot 1971.JPG,3610f357-8b9f-4f98-8e7f-c4297daf3b20___NREC_B.Spot 1971.JPG,Pepper__bell___Bacterial_spot,bell Bacterial spot
188,images/thumbs/00188__144ae14f-dbf4-4dfa-9d47-98fb33009a48___JR_B.Spot 3364.JPG,images/full/00188__144ae14f-dbf4-4dfa-9d47-98fb33009a48___JR_B.Spot 3364.JPG,144ae14f-dbf4-4dfa-9d47-98fb33009a48___JR_B.Spot 3364.JPG,Pepper__bell___Bacterial_spot,bell Bacterial spot
189,images/thumbs/00189__30956fb2-aec3-4e1d-bc10-ead8d1bd9c03___NREC_B.Spot 1835.JPG,images/full/00189__30956fb2-aec3-4e1d-bc10-ead8d1bd9c03___NREC_B.Spot 1835.JPG,30956fb2-aec3-4e1d-bc10-ead8d1bd9c03___NREC_B.Spot 1835.JPG,Pepper__bell___Bacterial_spot,bell Bacterial spot
190,images/thumbs/00190__4c1f3e8b-4c85-4554-b1d7-25feca1f58b3___JR_B.Spot 3250.JPG,images/full/00190__4c1f3e8b-4c85-4554-b1d7-25feca1f58b3___JR_B.Spot 3250.JPG,4c1f3e8b-4c85-4554-b1d7-25feca1f58b3___JR_B.Spot 3250.JPG,Pepper__bell___Bacterial_spot,bell Bacterial spot
191,images/thumbs/00191__17557939-f9e2-435a-a4e7-f4d3cff8aa8b___JR_B.Spot 3107.JPG,images/full/00191__17557939-f9e2-435a-a4e7-f4d3cff8aa8b___JR_B.Spot 3107.JPG,17557939-f9e2-435a-a4e7-f4d3cff8aa8b___JR_B.Spot 3107.JPG,Pepper__bell___Bacterial_spot,bell Bacterial spot
192,images/thumbs/00192__d8e201e5-870e-4985-b2d7-f0dc80ab96b0___JR_B.Spot 8892.JPG,images/full/00192__d8e201e5-870e-4985-b2d7-f0dc80ab96b0___JR_B.Spot 8892.JPG,d8e201e5-870e-4985-b2d7-f0dc80ab96b0___JR_B.Spot 8892.JPG,Pepper__bell___Bacterial_spot,bell Bacterial spot
193,images/thumbs/00193__8b50f2db-cbf2-4758-bea6-a011f0cc1497___JR_B.Spot 3235.JPG,images/full/00193__8b50f2db-cbf2-4758-bea6-a011f0cc1497___JR_B.Spot 3235.JPG,8b50f2db-cbf2-4758-bea6-a011f0cc1497___JR_B.Spot 3235.JPG,Pepper__bell___Bacterial_spot,bell Bacterial spot
194,images/thumbs/00194__12c9c98f-afc9-4c12-8a97-007e5a40712a___NREC_B.Spot 9053.JPG,images/full/00194__12c9c98f-afc9-4c12-8a97-007e5a40712a___NREC_B.Spot 9053.JPG,12c9c98f-afc9-4c12-8a97-007e5a40712a___NREC_B.Spot 9053.JPG,Pepper__bell___Bacterial_spot,bell Bacterial spot
195,images/thumbs/00195__a72dbf23-65d1-40c6-a7bc-82caed00c6d3___JR_B.Spot 3333.JPG,images/full/00195__a72dbf23-65d1-40c6-a7bc-82caed00c6d3___JR_B.Spot 3333.JPG,a72dbf23-65d1-40c6-a7bc-82caed00c6d3___JR_B.Spot 3333.JPG,Pepper__bell___Bacterial_spot,bell Bacterial spot
196,images/thumbs/00196__1181b18f-8d1d-4ba1-9fba-dfe397c585ac___NREC_B.Spot 1846.JPG,images/full/00196__1181b18f-8d1d-4ba1-9fba-dfe397c585ac___NREC_B.Spot 1846.JPG,1181b18f-8d1d-4ba1-9fba-dfe397c585ac___NREC_B.Spot 1846.JPG,Pepper__bell___Bacterial_spot,bell Bacterial spot
197,images/thumbs/00197__d74d7c16-ab04-49fa-9feb-8677ec37810c___JR_B.Spot 9053.JPG,images/full/00197__d74d7c16-ab04-49fa-9feb-8677ec37810c___JR_B.Spot 9053.JPG,d74d7c16-ab04-49fa-9feb-8677ec37810c___JR_B.Spot 9053.JPG,Pepper__bell___Bacterial_spot,bell Bacterial spot
198,images/thumbs/00198__e80de14e-9d15-4dc6-b519-6d5af14ba216___JR_B.Spot 8835.JPG,images/full/00198__e80de14e-9d15-4dc6-b519-6d5af14ba216___JR_B.Spot 8835.JPG,e80de14e-9d15-4dc6-b519-6d5af14ba216___JR_B.Spot 8835.JPG,Pepper__bell___Bacterial_spot,bell Bacterial spot
199,images/thumbs/00199__146d24cd-0c7e-458b-9f82-7b27525b04e4___JR_B.Spot 3329.JPG,images/full/00199__146d24cd-0c7e-458b-9f82-7b27525b04e4___JR_B.Spot 3329.JPG,146d24cd-0c7e-458b-9f82-7b27525b04e4___JR_B.Spot 3329.JPG,Pepper__bell___Bacterial_spot,bell Bacterial spot
200,images/thumbs/00200__dab1cfaf-544d-48e0-bfe7-368d65761902___JR_B.Spot 8904.JPG,images/full/00200__dab1cfaf-544d-48e0-bfe7-368d65761902___JR_B.Spot 8904.JPG,dab1cfaf-544d-48e0-bfe7-368d65761902___JR_B.Spot 8904.JPG,Pepper__bell___Bacterial_spot,bell Bacterial spot
201,images/thumbs/00201__ed4e6505-3d77-457f-af9a-085ffa0a8d94___JR_HL 8713.JPG,images/full/00201__ed4e6505-3d77-457f-af9a-085ffa0a8d94___JR_HL 8713.JPG,ed4e6505-3d77-457f-af9a-085ffa0a8d94___JR_HL 8713.JPG,Pepper__bell___healthy,bell healthy
202,images/thumbs/00202__46e9256c-6590-4ad9-b6d3-c0c140ab0bd3___JR_HL 7887.JPG,images/full/00202__46e9256c-6590-4ad9-b6d3-c0c140ab0bd3___JR_HL 7887.JPG,46e9256c-6590-4ad9-b6d3-c0c140ab0bd3___JR_HL 7887.JPG,Pepper__bell___healthy,bell healthy
203,images/thumbs/00203__38a83def-19c0-4d20-99a7-b1a43d7f929f___JR_HL 5897.JPG,images/full/00203__38a83def-19c0-4d20-99a7-b1a43d7f929f___JR_HL 5897.JPG,38a83def-19c0-4d20-99a7-b1a43d7f929f___JR_HL 5897.JPG,Pepper__bell___healthy,bell healthy
204,images/thumbs/00204__a4be7277-1e8b-41b5-ab42-0a75aab76a46___JR_HL 8798.JPG,images/full/00204__a4be7277-1e8b-41b5-ab42-0a75aab76a46___JR_HL 8798.JPG,a4be7277-1e8b-41b5-ab42-0a75aab76a46___JR_HL 8798.JPG,Pepper__bell___healthy,bell healthy
205,images/thumbs/00205__084a1485-7006-4277-bd4f-5b9e766cfd24___JR_HL 7892.JPG,images/full/00205__084a1485-7006-4277-bd4f-5b9e766cfd24___JR_HL 7892.JPG,084a1485-7006-4277-bd4f-5b9e766cfd24___JR_HL 7892.JPG,Pepper__bell___healthy,bell healthy
206,images/thumbs/00206__fcc91cef-9892-4eb2-a3f0-36bdc4e11f59___JR_HL 7687.JPG,images/full/00206__fcc91cef-9892-4eb2-a3f0-36bdc4e11f59___JR_HL 7687.JPG,fcc91cef-9892-4eb2-a3f0-36bdc4e11f59___JR_HL 7687.JPG,Pepper__bell___healthy,bell healthy
207,images/thumbs/00207__87483ac6-8115-4d93-82ad-fbcaeca4a688___JR_HL 8211.JPG,images/full/00207__87483ac6-8115-4d93-82ad-fbcaeca4a688___JR_HL 8211.JPG,87483ac6-8115-4d93-82ad-fbcaeca4a688___JR_HL 8211.JPG,Pepper__bell___healthy,bell healthy
208,images/thumbs/00208__9d370ceb-40c7-4160-af0f-c8b748d1d250___JR_HL 8741.JPG,images/full/00208__9d370ceb-40c7-4160-af0f-c8b748d1d250___JR_HL 8741.JPG,9d370ceb-40c7-4160-af0f-c8b748d1d250___JR_HL 8741.JPG,Pepper__bell___healthy,bell healthy
209,images/thumbs/00209__ae7d5e8e-5713-4eb8-b1e5-1ff3d2dba0a0___JR_HL 7708.JPG,images/full/00209__ae7d5e8e-5713-4eb8-b1e5-1ff3d2dba0a0___JR_HL 7708.JPG,ae7d5e8e-5713-4eb8-b1e5-1ff3d2dba0a0___JR_HL 7708.JPG,Pepper__bell___healthy,bell healthy
210,images/thumbs/00210__16174ce2-0949-43ee-b6c0-acd016ff2aca___JR_HL 7836.JPG,images/full/00210__16174ce2-0949-43ee-b6c0-acd016ff2aca___JR_HL 7836.JPG,16174ce2-0949-43ee-b6c0-acd016ff2aca___JR_HL 7836.JPG,Pepper__bell___healthy,bell healthy
211,images/thumbs/00211__939d6e91-0bd9-4b1a-a608-5b2bfbd94258___JR_HL 7600.JPG,images/full/00211__939d6e91-0bd9-4b1a-a608-5b2bfbd94258___JR_HL 7600.JPG,939d6e91-0bd9-4b1a-a608-5b2bfbd94258___JR_HL 7600.JPG,Pepper__bell___healthy,bell healthy
212,images/thumbs/00212__c7136dd2-a014-45e0-bdfc-1167769adadc___JR_HL 7731.JPG,images/full/00212__c7136dd2-a014-45e0-bdfc-1167769adadc___JR_HL 7731.JPG,c7136dd2-a014-45e0-bdfc-1167769adadc___JR_HL 7731.JPG,Pepper__bell___healthy,bell healthy
213,images/thumbs/00213__234945aa-456b-4f88-856c-40ea3dacf0d7___JR_HL 5889.JPG,images/full/00213__234945aa-456b-4f88-856c-40ea3dacf0d7___JR_HL 5889.JPG,234945aa-456b-4f88-856c-40ea3dacf0d7___JR_HL 5889.JPG,Pepper__bell___healthy,bell healthy
214,images/thumbs/00214__7277c061-6c40-4c75-8af3-32bd4a284dc5___JR_HL 8728.JPG,images/full/00214__7277c061-6c40-4c75-8af3-32bd4a284dc5___JR_HL 8728.JPG,7277c061-6c40-4c75-8af3-32bd4a284dc5___JR_HL 8728.JPG,Pepper__bell___healthy,bell healthy
215,images/thumbs/00215__0cc984a1-ea7d-4f97-9967-5ca1be71c932___JR_HL 8803.JPG,images/full/00215__0cc984a1-ea7d-4f97-9967-5ca1be71c932___JR_HL 8803.JPG,0cc984a1-ea7d-4f97-9967-5ca1be71c932___JR_HL 8803.JPG,Pepper__bell___healthy,bell healthy
216,images/thumbs/00216__bd73664d-d81e-426a-b25e-569c85869308___JR_HL 7638.JPG,images/full/00216__bd73664d-d81e-426a-b25e-569c85869308___JR_HL 7638.JPG,bd73664d-d81e-426a-b25e-569c85869308___JR_HL 7638.JPG,Pepper__bell___healthy,bell healthy
217,images/thumbs/00217__9e491fe1-571a-4296-bfca-a8d85b51dcf6___JR_HL 8524.JPG,images/full/00217__9e491fe1-571a-4296-bfca-a8d85b51dcf6___JR_HL 8524.JPG,9e491fe1-571a-4296-bfca-a8d85b51dcf6___JR_HL 8524.JPG,Pepper__bell___healthy,bell healthy
218,images/thumbs/00218__3b79de24-6a09-4d8d-a49e-610438a4de32___JR_HL 8606.JPG,images/full/00218__3b79de24-6a09-4d8d-a49e-610438a4de32___JR_HL 8606.JPG,3b79de24-6a09-4d8d-a49e-610438a4de32___JR_HL 8606.JPG,Pepper__bell___healthy,bell healthy
219,images/thumbs/00219__7541f271-f44a-4c7c-9602-b64149e9fa2a___JR_HL 7571.JPG,images/full/00219__7541f271-f44a-4c7c-9602-b64149e9fa2a___JR_HL 7571.JPG,7541f271-f44a-4c7c-9602-b64149e9fa2a___JR_HL 7571.JPG,Pepper__bell___healthy,bell healthy
220,images/thumbs/00220__871be79b-b1f0-42a1-9833-2d8b45cc18d9___JR_HL 8356.JPG,images/full/00220__871be79b-b1f0-42a1-9833-2d8b45cc18d9___JR_HL 8356.JPG,871be79b-b1f0-42a1-9833-2d8b45cc18d9___JR_HL 8356.JPG,Pepper__bell___healthy,bell healthy
221,images/thumbs/00221__9c620128-2872-4bbb-bc14-d5b785242cf6___RS_HL 1751.JPG,images/full/00221__9c620128-2872-4bbb-bc14-d5b785242cf6___RS_HL 1751.JPG,9c620128-2872-4bbb-bc14-d5b785242cf6___RS_HL 1751.JPG,Potato___healthy,healthy
222,images/thumbs/00222__9b5be0c5-7d7e-493d-88ba-c721c85f73ca___RS_HL 5405.JPG,images/full/00222__9b5be0c5-7d7e-493d-88ba-c721c85f73ca___RS_HL 5405.JPG,9b5be0c5-7d7e-493d-88ba-c721c85f73ca___RS_HL 5405.JPG,Potato___healthy,healthy
223,images/thumbs/00223__1dfb5aeb-8d00-4672-9755-5da982758453___RS_HL 9987.JPG,images/full/00223__1dfb5aeb-8d00-4672-9755-5da982758453___RS_HL 9987.JPG,1dfb5aeb-8d00-4672-9755-5da982758453___RS_HL 9987.JPG,Tomato_healthy,healthy
224,images/thumbs/00224__5dbc2db5-5bb2-4a3c-9a90-d2228c1462f8___RS_HL 9770.JPG,images/full/00224__5dbc2db5-5bb2-4a3c-9a90-d2228c1462f8___RS_HL 9770.JPG,5dbc2db5-5bb2-4a3c-9a90-d2228c1462f8___RS_HL 9770.JPG,Tomato_healthy,healthy
225,images/thumbs/00225__a37f028b-6cb5-4557-8e5d-61b25830858c___RS_HL 0530.JPG,images/full/00225__a37f028b-6cb5-4557-8e5d-61b25830858c___RS_HL 0530.JPG,a37f028b-6cb5-4557-8e5d-61b25830858c___RS_HL 0530.JPG,Tomato_healthy,healthy
226,images/thumbs/00226__c40b106b-14bf-4af2-88b5-51182169d548___RS_HL 0298.JPG,images/full/00226__c40b106b-14bf-4af2-88b5-51182169d548___RS_HL 0298.JPG,c40b106b-14bf-4af2-88b5-51182169d548___RS_HL 0298.JPG,Tomato_healthy,healthy
227,images/thumbs/00227__bc825946-3ee5-4269-8ba4-202afc766654___RS_HL 0368.JPG,images/full/00227__bc825946-3ee5-4269-8ba4-202afc766654___RS_HL 0368.JPG,bc825946-3ee5-4269-8ba4-202afc766654___RS_HL 0368.JPG,Tomato_healthy,healthy
228,images/thumbs/00228__82df832d-43d4-41c5-97b8-baf8ff9c658c___RS_HL 9917.JPG,images/full/00228__82df832d-43d4-41c5-97b8-baf8ff9c658c___RS_HL 9917.JPG,82df832d-43d4-41c5-97b8-baf8ff9c658c___RS_HL 9917.JPG,Tomato_healthy,healthy
229,images/thumbs/00229__3d8a687c-febd-4bd6-8fa5-62a3e1d5ebf6___GH_HL Leaf 443.1.JPG,images/full/00229__3d8a687c-febd-4bd6-8fa5-62a3e1d5ebf6___GH_HL Leaf 443.1.JPG,3d8a687c-febd-4bd6-8fa5-62a3e1d5ebf6___GH_HL Leaf 443.1.JPG,Tomato_healthy,healthy
230,images/thumbs/00230__f163df8f-6510-4520-82ee-779d2679af33___GH_HL Leaf 422.2.JPG,images/full/00230__f163df8f-6510-4520-82ee-779d2679af33___GH_HL Leaf 422.2.JPG,f163df8f-6510-4520-82ee-779d2679af33___GH_HL Leaf 422.2.JPG,Tomato_healthy,healthy
231,images/thumbs/00231__3a1c6737-c9ff-44dc-9014-954753732160___GH_HL Leaf 406.1.JPG,images/full/00231__3a1c6737-c9ff-44dc-9014-954753732160___GH_HL Leaf 406.1.JPG,3a1c6737-c9ff-44dc-9014-954753732160___GH_HL Leaf 406.1.JPG,Tomato_healthy,healthy
232,images/thumbs/00232__d21a242e-a9a3-4c5e-8e65-6416f84bcaec___GH_HL Leaf 510.2.JPG,images/full/00232__d21a242e-a9a3-4c5e-8e65-6416f84bcaec___GH_HL Leaf 510.2.JPG,d21a242e-a9a3-4c5e-8e65-6416f84bcaec___GH_HL Leaf 510.2.JPG,Tomato_healthy,healthy
233,images/thumbs/00233__6d1dc982-e62e-448b-85bc-63b0d8363fa0___GH_HL Leaf 328.1.JPG,images/full/00233__6d1dc982-e62e-448b-85bc-63b0d8363fa0___GH_HL Leaf 328.1.JPG,6d1dc982-e62e-448b-85bc-63b0d8363fa0___GH_HL Leaf 328.1.JPG,Tomato_healthy,healthy
234,images/thumbs/00234__d325e580-5faa-4aea-927d-2700f52cc343___RS_HL 1872.JPG,images/full/00234__d325e580-5faa-4aea-927d-2700f52cc343___RS_HL 1872.JPG,d325e580-5faa-4aea-927d-2700f52cc343___RS_HL 1872.JPG,Potato___healthy,healthy
235,images/thumbs/00235__d88b90c0-2850-425d-af82-7bfb0f6a9dd4___GH_HL Leaf 361.JPG,images/full/00235__d88b90c0-2850-425d-af82-7bfb0f6a9dd4___GH_HL Leaf 361.JPG,d88b90c0-2850-425d-af82-7bfb0f6a9dd4___GH_HL Leaf 361.JPG,Tomato_healthy,healthy
236,images/thumbs/00236__06040967-7b02-43b5-a3fc-4490a9a7ded6___RS_HL 0508.JPG,images/full/00236__06040967-7b02-43b5-a3fc-4490a9a7ded6___RS_HL 0508.JPG,06040967-7b02-43b5-a3fc-4490a9a7ded6___RS_HL 0508.JPG,Tomato_healthy,healthy
237,images/thumbs/00237__3be4b3ce-9fc7-4216-98f0-abd0faa9e45c___RS_HL 9945.JPG,images/full/00237__3be4b3ce-9fc7-4216-98f0-abd0faa9e45c___RS_HL 9945.JPG,3be4b3ce-9fc7-4216-98f0-abd0faa9e45c___RS_HL 9945.JPG,Tomato_healthy,healthy
238,images/thumbs/00238__c04a8a0a-2ab7-4494-9fa3-88aea29338d8___RS_HL 0015.JPG,images/full/00238__c04a8a0a-2ab7-4494-9fa3-88aea29338d8___RS_HL 0015.JPG,c04a8a0a-2ab7-4494-9fa3-88aea29338d8___RS_HL 0015.JPG,Tomato_healthy,healthy
239,images/thumbs/00239__c2f44d15-cc56-44eb-afce-b53e919becb9___GH_HL Leaf 398.JPG,images/full/00239__c2f44d15-cc56-44eb-afce-b53e919becb9___GH_HL Leaf 398.JPG,c2f44d15-cc56-44eb-afce-b53e919becb9___GH_HL Leaf 398.JPG,Tomato_healthy,healthy
240,images/thumbs/00240__0326b4b6-0f25-47af-bfd9-d8fec314a4f5___RS_HL 0621.JPG,images/full/00240__0326b4b6-0f25-47af-bfd9-d8fec314a4f5___RS_HL 0621.JPG,0326b4b6-0f25-47af-bfd9-d8fec314a4f5___RS_HL 0621.JPG,Tomato_healthy,healthy
